ModelFile;PositionX;PositionY;PositionZ;RotationW;RotationX;RotationY;RotationZ;ScaleFactor;DoodadSet;FileDataID
..\..\..\..\expansion02\doodads\generic\oracle\o_hanger_bones.obj;-0.1822083741426468;-5.7628960609436035;1.6382718086242676;0.6723667979240417;0;0;0.7402181029319763;0.8700000047683716;Set_B;195059
..\..\..\..\expansion02\doodads\generic\oracle\o_hanger_coconuts.obj;-2.529430627822876;2.918527364730835;2.012864828109741;0.838670551776886;0;0;-0.5446391105651855;0.7400000095367432;Set_B;195060
..\..\..\..\expansion02\doodads\generic\oracle\o_hanger_coconuts.obj;-2.845836877822876;3.1346733570098877;0.8868067264556885;0.9949685335159302;0;0;0.10018807649612427;0.9599998593330383;Set_B;195060
..\..\..\..\expansion02\doodads\generic\oracle\o_hanger_coconuts.obj;-4.413979530334473;-0.42348670959472656;2.09149169921875;-0.21643972396850586;0;0;-0.9762960076332092;0.6200000643730164;Set_B;195060
..\..\..\..\expansion02\doodads\generic\oracle\o_hanger_coconuts.obj;3.326472282409668;-1.956472635269165;2.355943441390991;0.7771458625793457;0;0;-0.6293205618858337;0.7400000691413879;Set_B;195060
..\..\..\..\expansion02\doodads\generic\oracle\o_hanger_coconuts.obj;4.17803430557251;-2.2320806980133057;1.9626668691635132;0.2630312144756317;0;0;-0.9647873044013977;0.5600000619888306;Set_B;195060
