ModelFile;PositionX;PositionY;PositionZ;RotationW;RotationX;RotationY;RotationZ;ScaleFactor;DoodadSet;FileDataID
..\..\..\..\expansion02\doodads\generic\oracle\o_hanger_bones.obj;-4.485445499420166;-0.48605474829673767;1.0839933156967163;0.9993908405303955;0;0;-0.03489954024553299;0.8000000715255737;Set_A;195059
..\..\..\..\expansion02\doodads\generic\oracle\o_hanger_crystal01.obj;3.202488899230957;1.552573561668396;1.3905389308929443;0.9612616896629333;0;0;-0.2756374478340149;0.7699999809265137;Set_A;195061
..\..\..\..\expansion02\doodads\generic\oracle\o_hanger_crystal01.obj;-3.9090564250946045;-0.4838846027851105;2.4909756183624268;0.6018150448799133;0;0;-0.7986354827880859;0.6299999952316284;Set_A;195061
..\..\..\..\expansion02\doodads\generic\oracle\o_lampwall_01.obj;-0.033188238739967346;4.894154071807861;3.4208192825317383;0.7283709645271301;0;0;0.6851829886436462;1;Set_A;195066
