ModelFile;PositionX;PositionY;PositionZ;RotationW;RotationX;RotationY;RotationZ;ScaleFactor;DoodadSet;FileDataID
..\..\..\expansion02\doodads\ulduar\ul_orb_01.obj;-0.152861550450325;14.89622688293457;45.45261764526367;1;0;0;0;1;Set_$DefaultGlobal;196525
..\..\..\expansion02\doodads\ulduar\ul_drapery01.obj;-4.6684699058532715;14.784113883972168;38.09749221801758;1;0;0;0;10.827104568481445;Set_$DefaultGlobal;243964
..\..\..\expansion02\doodads\ulduar\ul_drapery01.obj;-0.044432587921619415;10.58353328704834;38.10942840576172;0.7071067690849304;0;0;0.7071067690849304;10.827104568481445;Set_$DefaultGlobal;243964
..\..\..\expansion02\doodads\ulduar\ul_drapery01.obj;-0.044432587921619415;19.2852840423584;38.10942840576172;0.7071067690849304;0;0;-0.7071067690849304;10.827104568481445;Set_$DefaultGlobal;243964
..\..\..\expansion02\doodads\ulduar\ul_torch01.obj;-0.22670899331569672;18.799875259399414;38.12480545043945;0.7071067690849304;0;0;-0.7071067690849304;0.44868704676628113;Set_$DefaultGlobal;196570
..\..\..\expansion02\doodads\ulduar\ul_torch01.obj;-0.22061903774738312;11.06013298034668;38.12480545043945;0.7071067690849304;0;0;0.7071067690849304;0.44868704676628113;Set_$DefaultGlobal;196570
..\..\..\expansion02\doodads\ulduar\ul_torch01.obj;-4.228962421417236;14.813450813293457;38.12480545043945;1;0;0;0;0.44868704676628113;Set_$DefaultGlobal;196570
..\..\..\expansion02\doodads\ulduar\ul_swirl_orb_cloud.obj;0.20502148568630219;15.173383712768555;41.61725997924805;1;0;0;0;0.08830367773771286;Set_$DefaultGlobal;196560
