ModelFile;PositionX;PositionY;PositionZ;RotationW;RotationX;RotationY;RotationZ;ScaleFactor;DoodadSet;FileDataID
..\..\..\..\..\generic\human\passivedoodads\weapons&armor\humanarrow.obj;-15.37260913848877;10.09372329711914;0.9431949257850647;-0.4993945360183716;-0.48561760783195496;0.4413726031780243;-0.5656597018241882;1.5000001192092896;Set_$DefaultGlobal;198642
..\..\..\..\..\generic\human\passivedoodads\weapons&armor\humanarrow.obj;-13.609692573547363;10.203948974609375;2.657109260559082;0.7998722195625305;0.48507097363471985;-0.20951271057128906;0.28463131189346313;1.4999998807907104;Set_$DefaultGlobal;198642
..\..\..\..\..\generic\human\passivedoodads\weapons&armor\humanarrow.obj;-14.31751823425293;-10.213322639465332;1.602084755897522;0.17779195308685303;-0.271034836769104;-0.45357421040534973;-0.8301810622215271;1.4999998807907104;Set_$DefaultGlobal;198642
