ModelFile;PositionX;PositionY;PositionZ;RotationW;RotationX;RotationY;RotationZ;ScaleFactor;DoodadSet;FileDataID
..\..\..\..\generic\dwarf\passivedoodads\forgebonfire\forgebonfire.obj;-0.5563400983810425;-1.5769176483154297;32.71614456176758;0.9961947202682495;0.0869433656334877;0.006079644430428743;-4.533584103683097e-7;1.0170801877975464;Set_$DefaultGlobal;197395
..\..\..\..\expansion02\doodads\wintertauren\wt_hangingscroll_01.obj;2.1205475330352783;-12.282020568847656;7.987681865692139;0.9537169337272644;0;0;-0.30070576071739197;1;Set_$DefaultGlobal;196598
..\..\..\..\expansion02\doodads\wintertauren\wt_hangingscroll_02.obj;-3.158409357070923;-12.26878833770752;8.015721321105957;0.8433914184570312;0;0;0.537299633026123;1;Set_$DefaultGlobal;196599
..\..\..\..\expansion02\doodads\wintertauren\wt_hangingscroll_06.obj;-0.5624378323554993;12.736660957336426;7.85966157913208;0.7071067690849304;2.638215690353718e-8;3.473276999343966e-9;0.7071067690849304;1;Set_$DefaultGlobal;196603
..\..\..\..\expansion02\doodads\wintertauren\wt_hanging_01.obj;-2.4767203330993652;-6.715757846832275;8.725117683410645;0.9659258127212524;0;0;-0.258819043636322;1;Set_$DefaultGlobal;196593
..\..\..\..\expansion02\doodads\wintertauren\wt_hanging_03.obj;-6.365544319152832;2.888129711151123;8.757386207580566;0.9396926164627075;0;0;0.3420201241970062;1;Set_$DefaultGlobal;196595
..\..\..\..\expansion02\doodads\wintertauren\wt_lanternhanging01.obj;-0.7040614485740662;5.870412349700928;12.436444282531738;1;0;0;0;1.2926325798034668;Set_$DefaultGlobal;196611
