ModelFile;PositionX;PositionY;PositionZ;RotationW;RotationX;RotationY;RotationZ;ScaleFactor;DoodadSet;FileDataID
..\..\..\..\..\generic\passivedoodads\lights\torch.obj;8.71859073638916;-3.995046854019165;3.04331636428833;0.9949200749397278;0.05462509021162987;0.08341796696186066;-0.013840055093169212;1.5708248615264893;Set_$DefaultGlobal;199823
..\..\..\..\..\generic\passivedoodads\lights\torch.obj;8.71859073638916;4.346264362335205;3.04331636428833;0.9929359555244446;-0.08323489129543304;0.08070894330739975;-0.025222554802894592;1.5708249807357788;Set_$DefaultGlobal;199823
