ModelFile;PositionX;PositionY;PositionZ;RotationW;RotationX;RotationY;RotationZ;ScaleFactor;DoodadSet;FileDataID
..\..\..\..\..\generic\dwarf\passivedoodads\forgebonfire\forgebonfire.obj;2.6341984272003174;0.7214434742927551;70.29920196533203;0.7071067690849304;0;0;0.7071067690849304;1.1102622747421265;Set_$DefaultGlobal;197395
..\..\..\..\..\expansion01\doodads\generic\ancientorc\lampost\ao_lamppost02.obj;2.9185125827789307;4.148280620574951;40.54418182373047;0.8249470591545105;0;0;0.5652099847793579;2.5273683071136475;Set_$DefaultGlobal;191808
..\..\..\..\..\generic\tauren\passivedoodads\chimes\taurenchimeswood.obj;2.976323366165161;19.102025985717773;25.414310455322266;0.7071067690849304;0;0;0.7071067690849304;3.1917288303375244;Set_$DefaultGlobal;200396
..\..\..\..\..\generic\tauren\passivedoodads\chimes\taurenchimeswood.obj;-8.418045043945312;-12.448979377746582;23.237287521362305;0.7071067690849304;0;0;0.7071067690849304;4.241648197174072;Set_$DefaultGlobal;200396
..\..\..\..\..\generic\passivedoodads\lights\generaltorch01.obj;9.737245559692383;17.676124572753906;33.42683410644531;0.9794808030128479;-0.14873765408992767;-0.012834888882935047;0.1353873759508133;2.099733352661133;Set_$DefaultGlobal;199820
..\..\..\..\..\generic\passivedoodads\lights\generaltorch01.obj;9.737245559692383;-18.587507247924805;33.41835403442383;-0.09965434670448303;0.02263874001801014;0.14756391942501068;-0.983758807182312;2.099733352661133;Set_$DefaultGlobal;199820
..\..\..\..\..\generic\passivedoodads\lights\generaltorch01.obj;-7.746490478515625;-18.587507247924805;33.29909133911133;-0.09965434670448303;0.02263874001801014;0.14756391942501068;-0.983758807182312;2.099733352661133;Set_$DefaultGlobal;199820
..\..\..\..\..\generic\passivedoodads\lights\generaltorch01.obj;-7.746490478515625;17.676124572753906;33.217185974121094;0.9794808030128479;-0.14873765408992767;-0.012834888882935047;0.1353873759508133;2.099733352661133;Set_$DefaultGlobal;199820
